,Peso,Media,Desviacion,Desviacion cuadrado
0,45,68.4,-23.400000000000006,890.6399999999999
1,67,68.4,-1.4000000000000057,890.6399999999999
2,76,68.4,7.599999999999994,890.6399999999999
3,120,68.4,51.599999999999994,890.6399999999999
4,34,68.4,-34.400000000000006,890.6399999999999
